CodeId;CodeLanguage;CodeCountry;AccountType;ExternalCode;Caption;Created;CreatedBy;Modified;ModifiedBy;ValidFrom;ValidUntil;IncludedInDistribution;IsValidForOrder;IncludeZeroCashPosition;AccountLinkID;IncludeInIncomeCalendar;ExcludeFromValuation;EnumCaption;AccountSubTypeGroupID;IsForex;RiskPercentage;IncludeInMarginCoverage;FixCode;UserActionID;BuyingPowerCoverage;MarginCoverage;UniqueID;UpdateMask;IsTradingAccount;OverridesCodeId;PriorityForOrderDefaulting
1;EN;EX;1;v001;Savings account;1900-01-01 00:00:00.000;BAIInstaller;2013-06-11 16:38:41.000;eximius;NULL;NULL;1;1;1;0;1;2;Savingsaccount;1;2;NULL;1;NULL;NULL;100.000000000;100.000000000;past:1;1048583;NULL;NULL;NULL
1;EN;GB;1;v001;Savings account;1900-01-01 00:00:00.000;BAIInstaller;2013-06-11 16:38:41.000;eximius;NULL;NULL;1;1;1;0;1;2;Savingsaccount;1;2;NULL;1;NULL;NULL;100.000000000;100.000000000;past:1;1048583;NULL;NULL;NULL
1;FR;BE;1;v001;Compte épargne;1900-01-01 00:00:00.000;BAIInstaller;2013-06-11 16:38:41.000;eximius;NULL;NULL;1;1;1;0;1;2;Savingsaccount;1;2;NULL;1;NULL;NULL;100.000000000;100.000000000;past:1;1048583;NULL;NULL;NULL
1;NL;BE;1;v001;Spaarrekening;1900-01-01 00:00:00.000;BAIInstaller;2013-06-11 16:38:41.000;eximius;NULL;NULL;1;1;1;0;1;2;Savingsaccount;1;2;NULL;1;NULL;NULL;100.000000000;100.000000000;past:1;1048583;NULL;NULL;NULL
1;NL;NL;1;v001;Savings account;1900-01-01 00:00:00.000;BAIInstaller;2013-06-11 16:38:41.000;eximius;NULL;NULL;1;1;1;0;1;2;Savingsaccount;1;2;NULL;1;NULL;NULL;100.000000000;100.000000000;past:1;1048583;NULL;NULL;NULL
2;EN;EX;1;0002;Term Account;1900-01-01 00:00:00.000;BAIInstaller;2007-11-15 15:59:09.000;serv_eximius;NULL;NULL;1;2;2;0;1;2;TermAccount;3;2;NULL;1;NULL;NULL;100.000000000;100.000000000;past:2;7;NULL;NULL;NULL
2;EN;GB;1;0002;Term Account;1900-01-01 00:00:00.000;BAIInstaller;2007-11-15 15:59:09.000;serv_eximius;NULL;NULL;1;2;2;0;1;2;TermAccount;3;2;NULL;1;NULL;NULL;100.000000000;100.000000000;past:2;7;NULL;NULL;NULL
2;FR;BE;1;0002;Compte à terme;1900-01-01 00:00:00.000;BAIInstaller;2007-11-15 15:59:09.000;serv_eximius;NULL;NULL;1;2;2;0;1;2;TermAccount;3;2;NULL;1;NULL;NULL;100.000000000;100.000000000;past:2;7;NULL;NULL;NULL
2;NL;BE;1;0002;Termijnrekening;1900-01-01 00:00:00.000;BAIInstaller;2007-11-15 15:59:09.000;serv_eximius;NULL;NULL;1;2;2;0;1;2;TermAccount;3;2;NULL;1;NULL;NULL;100.000000000;100.000000000;past:2;7;NULL;NULL;NULL
2;NL;NL;1;0002;Term Account;1900-01-01 00:00:00.000;BAIInstaller;2007-11-15 15:59:09.000;serv_eximius;NULL;NULL;1;2;2;0;1;2;TermAccount;3;2;NULL;1;NULL;NULL;100.000000000;100.000000000;past:2;7;NULL;NULL;NULL
3;EN;EX;2;0003;Fictitious;1900-01-01 00:00:00.000;BAIInstaller;2011-10-17 12:16:27.000;eximius;NULL;NULL;2;2;NULL;0;1;1;Fictitious;NULL;2;NULL;1;NULL;NULL;NULL;NULL;past:3;7;NULL;NULL;NULL
3;EN;GB;2;0003;Fictitious;1900-01-01 00:00:00.000;BAIInstaller;2011-10-17 12:16:27.000;eximius;NULL;NULL;2;2;NULL;0;1;1;Fictitious;NULL;2;NULL;1;NULL;NULL;NULL;NULL;past:3;7;NULL;NULL;NULL
3;FR;BE;2;0003;Fictif;1900-01-01 00:00:00.000;BAIInstaller;2011-10-17 12:16:27.000;eximius;NULL;NULL;2;2;NULL;0;1;1;Fictitious;NULL;2;NULL;1;NULL;NULL;NULL;NULL;past:3;7;NULL;NULL;NULL
3;NL;BE;2;0003;Fictief;1900-01-01 00:00:00.000;BAIInstaller;2011-10-17 12:16:27.000;eximius;NULL;NULL;2;2;NULL;0;1;1;Fictitious;NULL;2;NULL;1;NULL;NULL;NULL;NULL;past:3;7;NULL;NULL;NULL
3;NL;NL;2;0003;Fictitious;1900-01-01 00:00:00.000;BAIInstaller;2011-10-17 12:16:27.000;eximius;NULL;NULL;2;2;NULL;0;1;1;Fictitious;NULL;2;NULL;1;NULL;NULL;NULL;NULL;past:3;7;NULL;NULL;NULL
4;EN;EX;2;0004;Real;1900-01-01 00:00:00.000;BAIInstaller;2007-12-14 15:08:21.000;serv_eximius;NULL;NULL;1;1;NULL;1;1;2;Real;NULL;2;NULL;1;NULL;NULL;NULL;NULL;past:4;7;NULL;NULL;NULL
4;EN;GB;2;0004;Real;1900-01-01 00:00:00.000;BAIInstaller;2007-12-14 15:08:21.000;serv_eximius;NULL;NULL;1;1;NULL;1;1;2;Real;NULL;2;NULL;1;NULL;NULL;NULL;NULL;past:4;7;NULL;NULL;NULL
4;FR;BE;2;0004;Réel;1900-01-01 00:00:00.000;BAIInstaller;2007-12-14 15:08:21.000;serv_eximius;NULL;NULL;1;1;NULL;1;1;2;Real;NULL;2;NULL;1;NULL;NULL;NULL;NULL;past:4;7;NULL;NULL;NULL
4;NL;BE;2;0004;Reëel;1900-01-01 00:00:00.000;BAIInstaller;2007-12-14 15:08:21.000;serv_eximius;NULL;NULL;1;1;NULL;1;1;2;Real;NULL;2;NULL;1;NULL;NULL;NULL;NULL;past:4;7;NULL;NULL;NULL
4;NL;NL;2;0004;Real;1900-01-01 00:00:00.000;BAIInstaller;2007-12-14 15:08:21.000;serv_eximius;NULL;NULL;1;1;NULL;1;1;2;Real;NULL;2;NULL;1;NULL;NULL;NULL;NULL;past:4;7;NULL;NULL;NULL
5;EN;EX;1;v005;Current account;1900-01-01 00:00:00.000;BAIInstaller;2007-11-15 15:17:24.183;serv_eximius;NULL;NULL;1;1;1;0;1;2;Currentaccount;1;2;NULL;1;NULL;NULL;100.000000000;100.000000000;past:5;7;NULL;NULL;NULL
5;EN;GB;1;v005;Current account;1900-01-01 00:00:00.000;BAIInstaller;2007-11-15 15:17:24.183;serv_eximius;NULL;NULL;1;1;1;0;1;2;Currentaccount;1;2;NULL;1;NULL;NULL;100.000000000;100.000000000;past:5;7;NULL;NULL;NULL
5;FR;BE;1;v005;Compte à vue;1900-01-01 00:00:00.000;BAIInstaller;2007-11-15 15:17:24.183;serv_eximius;NULL;NULL;1;1;1;0;1;2;Currentaccount;1;2;NULL;1;NULL;NULL;100.000000000;100.000000000;past:5;7;NULL;NULL;NULL
5;NL;BE;1;v005;Zichtrekening;1900-01-01 00:00:00.000;BAIInstaller;2007-11-15 15:17:24.183;serv_eximius;NULL;NULL;1;1;1;0;1;2;Currentaccount;1;2;NULL;1;NULL;NULL;100.000000000;100.000000000;past:5;7;NULL;NULL;NULL
5;NL;NL;1;v005;Current account;1900-01-01 00:00:00.000;BAIInstaller;2007-11-15 15:17:24.183;serv_eximius;NULL;NULL;1;1;1;0;1;2;Currentaccount;1;2;NULL;1;NULL;NULL;100.000000000;100.000000000;past:5;7;NULL;NULL;NULL
6;EN;EX;1;0006;Loan;1900-01-01 00:00:00.000;BAIInstaller;2007-11-15 15:58:24.000;serv_eximius;NULL;NULL;2;2;2;0;1;2;Loan;5;2;NULL;1;NULL;NULL;100.000000000;100.000000000;past:6;7;NULL;NULL;NULL
6;EN;GB;1;0006;Loan;1900-01-01 00:00:00.000;BAIInstaller;2007-11-15 15:58:24.000;serv_eximius;NULL;NULL;2;2;2;0;1;2;Loan;5;2;NULL;1;NULL;NULL;100.000000000;100.000000000;past:6;7;NULL;NULL;NULL
6;FR;BE;1;0006;Emprunt;1900-01-01 00:00:00.000;BAIInstaller;2007-11-15 15:58:24.000;serv_eximius;NULL;NULL;2;2;2;0;1;2;Loan;5;2;NULL;1;NULL;NULL;100.000000000;100.000000000;past:6;7;NULL;NULL;NULL
6;NL;BE;1;0006;Lening;1900-01-01 00:00:00.000;BAIInstaller;2007-11-15 15:58:24.000;serv_eximius;NULL;NULL;2;2;2;0;1;2;Loan;5;2;NULL;1;NULL;NULL;100.000000000;100.000000000;past:6;7;NULL;NULL;NULL
6;NL;NL;1;0006;Loan;1900-01-01 00:00:00.000;BAIInstaller;2007-11-15 15:58:24.000;serv_eximius;NULL;NULL;2;2;2;0;1;2;Loan;5;2;NULL;1;NULL;NULL;100.000000000;100.000000000;past:6;7;NULL;NULL;NULL
7;EN;EX;1;v007;Income;2003-10-24 00:00:00.000;BAIInstaller;2007-11-15 15:17:24.183;serv_eximius;NULL;NULL;2;2;1;0;1;2;Income;1;2;NULL;1;NULL;NULL;NULL;NULL;past:7;7;NULL;NULL;NULL
7;EN;GB;1;v007;Income;2003-10-24 00:00:00.000;BAIInstaller;2007-11-15 15:17:24.183;serv_eximius;NULL;NULL;2;2;1;0;1;2;Income;1;2;NULL;1;NULL;NULL;NULL;NULL;past:7;7;NULL;NULL;NULL
7;FR;BE;1;v007;Revenu;2003-10-24 00:00:00.000;BAIInstaller;2007-11-15 15:17:24.183;serv_eximius;NULL;NULL;2;2;1;0;1;2;Income;1;2;NULL;1;NULL;NULL;NULL;NULL;past:7;7;NULL;NULL;NULL
7;NL;BE;1;v007;Inkomsten;2003-10-24 00:00:00.000;BAIInstaller;2007-11-15 15:17:24.183;serv_eximius;NULL;NULL;2;2;1;0;1;2;Income;1;2;NULL;1;NULL;NULL;NULL;NULL;past:7;7;NULL;NULL;NULL
7;NL;NL;1;v007;Income;2003-10-24 00:00:00.000;BAIInstaller;2007-11-15 15:17:24.183;serv_eximius;NULL;NULL;2;2;1;0;1;2;Income;1;2;NULL;1;NULL;NULL;NULL;NULL;past:7;7;NULL;NULL;NULL
8;EN;EX;1;v008;Forward Currency;2004-08-13 00:00:00.000;BAIInstaller;2010-07-08 10:57:31.000;eximius;NULL;NULL;1;2;2;0;1;2;ForwardCurrency;2;1;NULL;1;NULL;NULL;100.000000000;100.000000000;past:8;7;NULL;NULL;NULL
8;EN;GB;1;v008;Forward Currency;2004-08-13 00:00:00.000;BAIInstaller;2010-07-08 10:57:31.000;eximius;NULL;NULL;1;2;2;0;1;2;ForwardCurrency;2;1;NULL;1;NULL;NULL;100.000000000;100.000000000;past:8;7;NULL;NULL;NULL
8;FR;BE;1;v008;Contrat de change à terme;2004-08-13 00:00:00.000;BAIInstaller;2010-07-08 10:57:31.000;eximius;NULL;NULL;1;2;2;0;1;2;ForwardCurrency;2;1;NULL;1;NULL;NULL;100.000000000;100.000000000;past:8;7;NULL;NULL;NULL
8;NL;BE;1;v008;Termijn Wissel Contracten;2004-08-13 00:00:00.000;BAIInstaller;2010-07-08 10:57:31.000;eximius;NULL;NULL;1;2;2;0;1;2;ForwardCurrency;2;1;NULL;1;NULL;NULL;100.000000000;100.000000000;past:8;7;NULL;NULL;NULL
8;NL;NL;1;v008;Forward Currency;2004-08-13 00:00:00.000;BAIInstaller;2010-07-08 10:57:31.000;eximius;NULL;NULL;1;2;2;0;1;2;ForwardCurrency;2;1;NULL;1;NULL;NULL;100.000000000;100.000000000;past:8;7;NULL;NULL;NULL
9;EN;EX;1;0009;Margin;2004-11-04 00:00:00.000;BAIInstaller;2022-05-14 15:03:59.480;CodeTableCorrection;NULL;NULL;NULL;NULL;NULL;0;1;2;Margin;2;2;NULL;1;NULL;NULL;0.000000000;0.000000000;past:9;7;NULL;NULL;NULL
9;EN;GB;1;0009;Margin;2004-11-04 00:00:00.000;BAIInstaller;2022-05-14 15:03:59.480;CodeTableCorrection;NULL;NULL;NULL;NULL;NULL;0;1;2;Margin;2;2;NULL;1;NULL;NULL;0.000000000;0.000000000;past:9;7;NULL;NULL;NULL
9;FR;BE;1;0009;(FRA)Margin;2004-11-04 00:00:00.000;BAIInstaller;2022-05-14 15:03:59.480;CodeTableCorrection;NULL;NULL;NULL;NULL;NULL;0;1;2;Margin;2;2;NULL;1;NULL;NULL;0.000000000;0.000000000;past:9;7;NULL;NULL;NULL
9;NL;BE;1;0009;Margin;2004-11-04 00:00:00.000;BAIInstaller;2022-05-14 15:03:59.480;CodeTableCorrection;NULL;NULL;NULL;NULL;NULL;0;1;2;Margin;2;2;NULL;1;NULL;NULL;0.000000000;0.000000000;past:9;7;NULL;NULL;NULL
9;NL;NL;1;0009;Margin;2004-11-04 00:00:00.000;BAIInstaller;2022-05-14 15:03:59.480;CodeTableCorrection;NULL;NULL;NULL;NULL;NULL;0;1;2;Margin;2;2;NULL;1;NULL;NULL;0.000000000;0.000000000;past:9;7;NULL;NULL;NULL
501;EN;EX;1;v501;Cash account;1900-01-01 00:00:00.000;BAIInstaller;2013-09-18 17:20:53.000;eximius;NULL;NULL;1;1;1;1;1;2;Cashaccount;1;2;NULL;1;NULL;NULL;NULL;NULL;past:501;67108871;-1;NULL;NULL
501;EN;GB;1;v501;Cash account;1900-01-01 00:00:00.000;BAIInstaller;2013-09-18 17:20:53.000;eximius;NULL;NULL;1;1;1;1;1;2;Cashaccount;1;2;NULL;1;NULL;NULL;NULL;NULL;past:501;67108871;-1;NULL;NULL
501;FR;BE;1;v501;Compte espèces;1900-01-01 00:00:00.000;BAIInstaller;2013-09-18 17:20:53.000;eximius;NULL;NULL;1;1;1;1;1;2;Cashaccount;1;2;NULL;1;NULL;NULL;NULL;NULL;past:501;67108871;-1;NULL;NULL
501;NL;BE;1;v501;Effectenrekening;1900-01-01 00:00:00.000;BAIInstaller;2013-09-18 17:20:53.000;eximius;NULL;NULL;1;1;1;1;1;2;Cashaccount;1;2;NULL;1;NULL;NULL;NULL;NULL;past:501;67108871;-1;NULL;NULL
501;NL;NL;1;v501;Cash account;1900-01-01 00:00:00.000;BAIInstaller;2013-09-18 17:20:53.000;eximius;NULL;NULL;1;1;1;1;1;2;Cashaccount;1;2;NULL;1;NULL;NULL;NULL;NULL;past:501;67108871;-1;NULL;NULL
502;EN;EX;1;0502;Dealing (PEP);2003-11-19 11:24:14.000;BAIInstaller;2007-06-15 10:50:12.000;BAIInstaller;NULL;NULL;1;1;NULL;1;1;2;DealingPEP;1;2;NULL;1;NULL;NULL;NULL;NULL;past:502;0;NULL;NULL;NULL
502;EN;GB;1;0502;Dealing (PEP);2003-11-19 11:24:14.000;BAIInstaller;2007-06-15 10:50:12.000;BAIInstaller;NULL;NULL;1;1;NULL;1;1;2;DealingPEP;1;2;NULL;1;NULL;NULL;NULL;NULL;past:502;0;NULL;NULL;NULL
502;FR;BE;1;0502;Dealing (PEP);2003-11-19 11:24:14.000;BAIInstaller;2007-06-15 10:50:12.000;BAIInstaller;NULL;NULL;1;1;NULL;1;1;2;DealingPEP;1;2;NULL;1;NULL;NULL;NULL;NULL;past:502;0;NULL;NULL;NULL
502;NL;BE;1;0502;Dealing (PEP);2003-11-19 11:24:14.000;BAIInstaller;2007-06-15 10:50:12.000;BAIInstaller;NULL;NULL;1;1;NULL;1;1;2;DealingPEP;1;2;NULL;1;NULL;NULL;NULL;NULL;past:502;0;NULL;NULL;NULL
502;NL;NL;1;0502;Dealing (PEP);2003-11-19 11:24:14.000;BAIInstaller;2007-06-15 10:50:12.000;BAIInstaller;NULL;NULL;1;1;NULL;1;1;2;DealingPEP;1;2;NULL;1;NULL;NULL;NULL;NULL;past:502;0;NULL;NULL;NULL
503;EN;EX;1;0503;Dealing (ISA);2003-11-19 11:24:14.000;BAIInstaller;2007-06-15 10:50:12.000;BAIInstaller;NULL;NULL;1;1;NULL;2;1;2;DealingISA;1;2;NULL;1;NULL;NULL;NULL;NULL;past:503;0;NULL;NULL;NULL
503;EN;GB;1;0503;Dealing (ISA);2003-11-19 11:24:14.000;BAIInstaller;2007-06-15 10:50:12.000;BAIInstaller;NULL;NULL;1;1;NULL;2;1;2;DealingISA;1;2;NULL;1;NULL;NULL;NULL;NULL;past:503;0;NULL;NULL;NULL
503;FR;BE;1;0503;Dealing (ISA);2003-11-19 11:24:14.000;BAIInstaller;2007-06-15 10:50:12.000;BAIInstaller;NULL;NULL;1;1;NULL;2;1;2;DealingISA;1;2;NULL;1;NULL;NULL;NULL;NULL;past:503;0;NULL;NULL;NULL
503;NL;BE;1;0503;Dealing (ISA);2003-11-19 11:24:14.000;BAIInstaller;2007-06-15 10:50:12.000;BAIInstaller;NULL;NULL;1;1;NULL;2;1;2;DealingISA;1;2;NULL;1;NULL;NULL;NULL;NULL;past:503;0;NULL;NULL;NULL
503;NL;NL;1;0503;Dealing (ISA);2003-11-19 11:24:14.000;BAIInstaller;2007-06-15 10:50:12.000;BAIInstaller;NULL;NULL;1;1;NULL;2;1;2;DealingISA;1;2;NULL;1;NULL;NULL;NULL;NULL;past:503;0;NULL;NULL;NULL
505;EN;EX;1;v505;Notary account;1900-01-01 00:00:00.000;GPA;2007-11-15 15:17:24.183;serv_eximius;NULL;NULL;1;1;1;0;1;2;Cashaccount;1;2;NULL;1;NULL;NULL;NULL;NULL;past:505;-1;NULL;NULL;NULL
505;EN;GB;1;v505;Notary account;1900-01-01 00:00:00.000;GPA;2007-11-15 15:17:24.183;serv_eximius;NULL;NULL;1;1;1;0;1;2;Cashaccount;1;2;NULL;1;NULL;NULL;NULL;NULL;past:505;-1;NULL;NULL;NULL
505;FR;BE;1;v505;Notary account;1900-01-01 00:00:00.000;GPA;2007-11-15 15:17:24.183;serv_eximius;NULL;NULL;1;1;1;0;1;2;Cashaccount;1;2;NULL;1;NULL;NULL;NULL;NULL;past:505;-1;NULL;NULL;NULL
505;NL;BE;1;v505;Notary account;1900-01-01 00:00:00.000;GPA;2007-11-15 15:17:24.183;serv_eximius;NULL;NULL;1;1;1;0;1;2;Cashaccount;1;2;NULL;1;NULL;NULL;NULL;NULL;past:505;-1;NULL;NULL;NULL
505;NL;NL;1;v505;Notary account;1900-01-01 00:00:00.000;GPA;2007-11-15 15:17:24.183;serv_eximius;NULL;NULL;1;1;1;0;1;2;Cashaccount;1;2;NULL;1;NULL;NULL;NULL;NULL;past:505;-1;NULL;NULL;NULL
506;EN;EX;1;v506;Saving account;1900-01-01 00:00:00.000;GPA;2014-04-25 10:12:05.000;eximius;NULL;NULL;1;1;1;0;1;2;Cashaccount;1;2;NULL;1;NULL;NULL;NULL;NULL;past:506;-1;NULL;NULL;NULL
506;EN;GB;1;v506;Saving account;1900-01-01 00:00:00.000;GPA;2014-04-25 10:12:05.000;eximius;NULL;NULL;1;1;1;0;1;2;Cashaccount;1;2;NULL;1;NULL;NULL;NULL;NULL;past:506;-1;NULL;NULL;NULL
506;FR;BE;1;v506;Compte épargne;1900-01-01 00:00:00.000;GPA;2014-04-25 10:12:05.000;eximius;NULL;NULL;1;1;1;0;1;2;Cashaccount;1;2;NULL;1;NULL;NULL;NULL;NULL;past:506;-1;NULL;NULL;NULL
506;NL;BE;1;v506;Rendementsrekening;1900-01-01 00:00:00.000;GPA;2007-11-15 15:17:24.183;serv_eximius;NULL;NULL;1;1;1;0;1;2;Cashaccount;1;2;NULL;1;NULL;NULL;NULL;NULL;past:506;-1;NULL;NULL;NULL
506;NL;NL;1;v506;Saving account;1900-01-01 00:00:00.000;GPA;2014-04-25 10:12:05.000;eximius;NULL;NULL;1;1;1;0;1;2;Cashaccount;1;2;NULL;1;NULL;NULL;NULL;NULL;past:506;-1;NULL;NULL;NULL
507;EN;EX;1;v507;Effectenrekening Grand Cru;1900-01-01 00:00:00.000;GPA;2007-11-15 15:17:24.183;serv_eximius;NULL;NULL;1;1;1;0;1;2;Cashaccount;1;2;NULL;1;NULL;NULL;NULL;NULL;past:507;-1;NULL;NULL;NULL
507;EN;GB;1;v507;Effectenrekening Grand Cru;1900-01-01 00:00:00.000;GPA;2007-11-15 15:17:24.183;serv_eximius;NULL;NULL;1;1;1;0;1;2;Cashaccount;1;2;NULL;1;NULL;NULL;NULL;NULL;past:507;-1;NULL;NULL;NULL
507;FR;BE;1;v507;Effectenrekening Grand Cru;1900-01-01 00:00:00.000;GPA;2007-11-15 15:17:24.183;serv_eximius;NULL;NULL;1;1;1;0;1;2;Cashaccount;1;2;NULL;1;NULL;NULL;NULL;NULL;past:507;-1;NULL;NULL;NULL
507;NL;BE;1;v507;Effectenrekening Grand Cru;1900-01-01 00:00:00.000;GPA;2007-11-15 15:17:24.183;serv_eximius;NULL;NULL;1;1;1;0;1;2;Cashaccount;1;2;NULL;1;NULL;NULL;NULL;NULL;past:507;-1;NULL;NULL;NULL
507;NL;NL;1;v507;Effectenrekening Grand Cru;1900-01-01 00:00:00.000;GPA;2007-11-15 15:17:24.183;serv_eximius;NULL;NULL;1;1;1;0;1;2;Cashaccount;1;2;NULL;1;NULL;NULL;NULL;NULL;past:507;-1;NULL;NULL;NULL
508;EN;EX;1;v508;Rendementsrekening *;1900-01-01 00:00:00.000;GPA;2007-11-15 15:17:24.183;serv_eximius;NULL;NULL;1;1;1;0;1;2;Cashaccount;1;2;NULL;1;NULL;NULL;NULL;NULL;past:508;-1;NULL;NULL;NULL
508;EN;GB;1;v508;Rendementsrekening *;1900-01-01 00:00:00.000;GPA;2007-11-15 15:17:24.183;serv_eximius;NULL;NULL;1;1;1;0;1;2;Cashaccount;1;2;NULL;1;NULL;NULL;NULL;NULL;past:508;-1;NULL;NULL;NULL
508;FR;BE;1;v508;Rendementsrekening *;1900-01-01 00:00:00.000;GPA;2007-11-15 15:17:24.183;serv_eximius;NULL;NULL;1;1;1;0;1;2;Cashaccount;1;2;NULL;1;NULL;NULL;NULL;NULL;past:508;-1;NULL;NULL;NULL
508;NL;BE;1;v508;Rendementsrekening *;1900-01-01 00:00:00.000;GPA;2007-11-15 15:17:24.183;serv_eximius;NULL;NULL;1;1;1;0;1;2;Cashaccount;1;2;NULL;1;NULL;NULL;NULL;NULL;past:508;-1;NULL;NULL;NULL
508;NL;NL;1;v508;Rendementsrekening *;1900-01-01 00:00:00.000;GPA;2007-11-15 15:17:24.183;serv_eximius;NULL;NULL;1;1;1;0;1;2;Cashaccount;1;2;NULL;1;NULL;NULL;NULL;NULL;past:508;-1;NULL;NULL;NULL
518;EN;EX;2;0518;Dealing (PEP);2003-11-19 11:24:14.000;BAIInstaller;2007-06-15 10:50:12.000;BAIInstaller;NULL;NULL;1;1;NULL;1;1;2;DealingPEP;1;2;NULL;1;NULL;NULL;NULL;NULL;past:518;0;NULL;NULL;NULL
518;EN;GB;2;0518;Dealing (PEP);2003-11-19 11:24:14.000;BAIInstaller;2007-06-15 10:50:12.000;BAIInstaller;NULL;NULL;1;1;NULL;1;1;2;DealingPEP;1;2;NULL;1;NULL;NULL;NULL;NULL;past:518;0;NULL;NULL;NULL
518;FR;BE;2;0518;Dealing (PEP);2003-11-19 11:24:14.000;BAIInstaller;2007-06-15 10:50:12.000;BAIInstaller;NULL;NULL;1;1;NULL;1;1;2;DealingPEP;1;2;NULL;1;NULL;NULL;NULL;NULL;past:518;0;NULL;NULL;NULL
518;NL;BE;2;0518;Dealing (PEP);2003-11-19 11:24:14.000;BAIInstaller;2007-06-15 10:50:12.000;BAIInstaller;NULL;NULL;1;1;NULL;1;1;2;DealingPEP;1;2;NULL;1;NULL;NULL;NULL;NULL;past:518;0;NULL;NULL;NULL
518;NL;NL;2;0518;Dealing (PEP);2003-11-19 11:24:14.000;BAIInstaller;2007-06-15 10:50:12.000;BAIInstaller;NULL;NULL;1;1;NULL;1;1;2;DealingPEP;1;2;NULL;1;NULL;NULL;NULL;NULL;past:518;0;NULL;NULL;NULL
519;EN;EX;2;0519;Dealing (ISA);2003-11-19 11:24:14.000;BAIInstaller;2007-06-15 10:50:12.000;BAIInstaller;NULL;NULL;1;1;NULL;2;1;2;DealingISA;1;2;NULL;1;NULL;NULL;NULL;NULL;past:519;0;NULL;NULL;NULL
519;EN;GB;2;0519;Dealing (ISA);2003-11-19 11:24:14.000;BAIInstaller;2007-06-15 10:50:12.000;BAIInstaller;NULL;NULL;1;1;NULL;2;1;2;DealingISA;1;2;NULL;1;NULL;NULL;NULL;NULL;past:519;0;NULL;NULL;NULL
519;FR;BE;2;0519;Dealing (ISA);2003-11-19 11:24:14.000;BAIInstaller;2007-06-15 10:50:12.000;BAIInstaller;NULL;NULL;1;1;NULL;2;1;2;DealingISA;1;2;NULL;1;NULL;NULL;NULL;NULL;past:519;0;NULL;NULL;NULL
519;NL;BE;2;0519;Dealing (ISA);2003-11-19 11:24:14.000;BAIInstaller;2007-06-15 10:50:12.000;BAIInstaller;NULL;NULL;1;1;NULL;2;1;2;DealingISA;1;2;NULL;1;NULL;NULL;NULL;NULL;past:519;0;NULL;NULL;NULL
519;NL;NL;2;0519;Dealing (ISA);2003-11-19 11:24:14.000;BAIInstaller;2007-06-15 10:50:12.000;BAIInstaller;NULL;NULL;1;1;NULL;2;1;2;DealingISA;1;2;NULL;1;NULL;NULL;NULL;NULL;past:519;0;NULL;NULL;NULL
520;EN;EX;1;0520;VdH Faciliteiten;2005-03-04 14:19:52.000;BAIInstaller;2007-06-15 10:50:12.000;BAIInstaller;NULL;NULL;2;2;2;0;2;1;VdHFaciliteiten;1;2;NULL;1;NULL;NULL;NULL;NULL;past:520;0;NULL;NULL;NULL
520;EN;GB;1;0520;VdH Faciliteiten;2005-03-04 14:19:52.000;BAIInstaller;2007-06-15 10:50:12.000;BAIInstaller;NULL;NULL;2;2;2;0;2;1;VdHFaciliteiten;1;2;NULL;1;NULL;NULL;NULL;NULL;past:520;0;NULL;NULL;NULL
520;FR;BE;1;0520;VdH Faciliteiten;2005-03-04 14:19:52.000;BAIInstaller;2007-06-15 10:50:12.000;BAIInstaller;NULL;NULL;2;2;2;0;2;1;VdHFaciliteiten;1;2;NULL;1;NULL;NULL;NULL;NULL;past:520;0;NULL;NULL;NULL
520;NL;BE;1;0520;VdH Faciliteiten;2005-03-04 14:19:52.000;BAIInstaller;2007-06-15 10:50:12.000;BAIInstaller;NULL;NULL;2;2;2;0;2;1;VdHFaciliteiten;1;2;NULL;1;NULL;NULL;NULL;NULL;past:520;0;NULL;NULL;NULL
520;NL;NL;1;0520;VdH Faciliteiten;2005-03-04 14:19:52.000;BAIInstaller;2007-06-15 10:50:12.000;BAIInstaller;NULL;NULL;2;2;2;0;2;1;VdHFaciliteiten;1;2;NULL;1;NULL;NULL;NULL;NULL;past:520;0;NULL;NULL;NULL
521;EN;EX;1;0521;VdH Loan;2005-03-04 14:21:15.000;BAIInstaller;2007-06-15 10:50:12.000;BAIInstaller;NULL;NULL;2;2;2;0;2;1;VdHLoan;1;2;NULL;1;NULL;NULL;NULL;NULL;past:521;0;NULL;NULL;NULL
521;EN;GB;1;0521;VdH Loan;2005-03-04 14:21:15.000;BAIInstaller;2007-06-15 10:50:12.000;BAIInstaller;NULL;NULL;2;2;2;0;2;1;VdHLoan;1;2;NULL;1;NULL;NULL;NULL;NULL;past:521;0;NULL;NULL;NULL
521;FR;BE;1;0521;VdH Loan;2005-03-04 14:21:15.000;BAIInstaller;2007-06-15 10:50:12.000;BAIInstaller;NULL;NULL;2;2;2;0;2;1;VdHLoan;1;2;NULL;1;NULL;NULL;NULL;NULL;past:521;0;NULL;NULL;NULL
521;NL;BE;1;0521;VdH Loan;2005-03-04 14:21:15.000;BAIInstaller;2007-06-15 10:50:12.000;BAIInstaller;NULL;NULL;2;2;2;0;2;1;VdHLoan;1;2;NULL;1;NULL;NULL;NULL;NULL;past:521;0;NULL;NULL;NULL
521;NL;NL;1;0521;VdH Loan;2005-03-04 14:21:15.000;BAIInstaller;2007-06-15 10:50:12.000;BAIInstaller;NULL;NULL;2;2;2;0;2;1;VdHLoan;1;2;NULL;1;NULL;NULL;NULL;NULL;past:521;0;NULL;NULL;NULL
522;EN;EX;1;0522;VdH Bank guarantees;2005-03-04 14:22:47.000;BAIInstaller;2007-06-15 10:50:12.000;BAIInstaller;NULL;NULL;2;2;2;0;2;1;VdHBankguarantees;1;2;NULL;1;NULL;NULL;NULL;NULL;past:522;0;NULL;NULL;NULL
522;EN;GB;1;0522;VdH Bank guarantees;2005-03-04 14:22:47.000;BAIInstaller;2007-06-15 10:50:12.000;BAIInstaller;NULL;NULL;2;2;2;0;2;1;VdHBankguarantees;1;2;NULL;1;NULL;NULL;NULL;NULL;past:522;0;NULL;NULL;NULL
522;FR;BE;1;0522;VdH Bank guarantees;2005-03-04 14:22:47.000;BAIInstaller;2007-06-15 10:50:12.000;BAIInstaller;NULL;NULL;2;2;2;0;2;1;VdHBankguarantees;1;2;NULL;1;NULL;NULL;NULL;NULL;past:522;0;NULL;NULL;NULL
522;NL;BE;1;0522;VdH Bank guarantees;2005-03-04 14:22:47.000;BAIInstaller;2007-06-15 10:50:12.000;BAIInstaller;NULL;NULL;2;2;2;0;2;1;VdHBankguarantees;1;2;NULL;1;NULL;NULL;NULL;NULL;past:522;0;NULL;NULL;NULL
522;NL;NL;1;0522;VdH Bank guarantees;2005-03-04 14:22:47.000;BAIInstaller;2007-06-15 10:50:12.000;BAIInstaller;NULL;NULL;2;2;2;0;2;1;VdHBankguarantees;1;2;NULL;1;NULL;NULL;NULL;NULL;past:522;0;NULL;NULL;NULL
523;EN;EX;1;A001;"GEA - Rekening Courant ";2008-11-14 16:22:10.000;serv_eximius;2013-06-11 16:36:53.000;eximius;NULL;NULL;1;2;1;0;1;2;"GEA - Rekening Courant ";1;2;NULL;1;NULL;NULL;NULL;NULL;past:523;-1;NULL;NULL;NULL
523;EN;GB;1;A001;"GEA - Rekening Courant ";2008-11-14 16:22:10.000;serv_eximius;2013-06-11 16:36:53.000;eximius;NULL;NULL;1;2;1;0;1;2;"GEA - Rekening Courant ";1;2;NULL;1;NULL;NULL;NULL;NULL;past:523;-1;NULL;NULL;NULL
523;FR;BE;1;A001;"GEA - Rekening Courant ";2008-11-14 16:22:10.000;serv_eximius;2013-06-11 16:36:53.000;eximius;NULL;NULL;1;2;1;0;1;2;"GEA - Rekening Courant ";1;2;NULL;1;NULL;NULL;NULL;NULL;past:523;-1;NULL;NULL;NULL
523;NL;BE;1;A001;"GEA - Rekening Courant ";2008-11-14 16:22:10.000;serv_eximius;2013-06-11 16:36:53.000;eximius;NULL;NULL;1;2;1;0;1;2;"GEA - Rekening Courant ";1;2;NULL;1;NULL;NULL;NULL;NULL;past:523;-1;NULL;NULL;NULL
523;NL;NL;1;A001;"GEA - Rekening Courant ";2008-11-14 16:22:10.000;serv_eximius;2013-06-11 16:36:53.000;eximius;NULL;NULL;1;2;1;0;1;2;"GEA - Rekening Courant ";1;2;NULL;1;NULL;NULL;NULL;NULL;past:523;-1;NULL;NULL;NULL
524;EN;EX;1;A002;"GEA - Effecten rekening ";2008-11-14 16:23:23.000;serv_eximius;2013-06-11 16:39:22.000;eximius;NULL;NULL;1;2;1;0;1;2;"GEA - Effecten rekening ";3;2;NULL;1;NULL;NULL;NULL;NULL;past:524;-1;NULL;NULL;NULL
524;EN;GB;1;A002;"GEA - Effecten rekening ";2008-11-14 16:23:23.000;serv_eximius;2013-06-11 16:39:22.000;eximius;NULL;NULL;1;2;1;0;1;2;"GEA - Effecten rekening ";3;2;NULL;1;NULL;NULL;NULL;NULL;past:524;-1;NULL;NULL;NULL
524;FR;BE;1;A002;"GEA - Effecten rekening ";2008-11-14 16:23:23.000;serv_eximius;2013-06-11 16:39:22.000;eximius;NULL;NULL;1;2;1;0;1;2;"GEA - Effecten rekening ";3;2;NULL;1;NULL;NULL;NULL;NULL;past:524;-1;NULL;NULL;NULL
524;NL;BE;1;A002;"GEA - Effecten rekening ";2008-11-14 16:23:23.000;serv_eximius;2013-06-11 16:39:22.000;eximius;NULL;NULL;1;2;1;0;1;2;"GEA - Effecten rekening ";3;2;NULL;1;NULL;NULL;NULL;NULL;past:524;-1;NULL;NULL;NULL
524;NL;NL;1;A002;"GEA - Effecten rekening ";2008-11-14 16:23:23.000;serv_eximius;2013-06-11 16:39:22.000;eximius;NULL;NULL;1;2;1;0;1;2;"GEA - Effecten rekening ";3;2;NULL;1;NULL;NULL;NULL;NULL;past:524;-1;NULL;NULL;NULL
525;EN;EX;1;A003;GEA - BeleggersPlus Rekening;2008-11-14 16:24:14.000;serv_eximius;2013-06-11 16:39:43.000;eximius;NULL;NULL;1;2;1;0;1;2;GEA - BeleggersPlus Rekening;3;2;NULL;1;NULL;NULL;NULL;NULL;past:525;-1;NULL;NULL;NULL
525;EN;GB;1;A003;GEA - BeleggersPlus Rekening;2008-11-14 16:24:14.000;serv_eximius;2013-06-11 16:39:43.000;eximius;NULL;NULL;1;2;1;0;1;2;GEA - BeleggersPlus Rekening;3;2;NULL;1;NULL;NULL;NULL;NULL;past:525;-1;NULL;NULL;NULL
525;FR;BE;1;A003;GEA - BeleggersPlus Rekening;2008-11-14 16:24:14.000;serv_eximius;2013-06-11 16:39:43.000;eximius;NULL;NULL;1;2;1;0;1;2;GEA - BeleggersPlus Rekening;3;2;NULL;1;NULL;NULL;NULL;NULL;past:525;-1;NULL;NULL;NULL
525;NL;BE;1;A003;GEA - BeleggersPlus Rekening;2008-11-14 16:24:14.000;serv_eximius;2013-06-11 16:39:43.000;eximius;NULL;NULL;1;2;1;0;1;2;GEA - BeleggersPlus Rekening;3;2;NULL;1;NULL;NULL;NULL;NULL;past:525;-1;NULL;NULL;NULL
525;NL;NL;1;A003;GEA - BeleggersPlus Rekening;2008-11-14 16:24:14.000;serv_eximius;2013-06-11 16:39:43.000;eximius;NULL;NULL;1;2;1;0;1;2;GEA - BeleggersPlus Rekening;3;2;NULL;1;NULL;NULL;NULL;NULL;past:525;-1;NULL;NULL;NULL
526;EN;EX;1;A004;GEA - Rekening Courant Particulier;2008-11-14 16:24:53.000;serv_eximius;2013-06-11 16:39:59.000;eximius;NULL;NULL;1;2;1;0;1;2;GEA - Rekening Courant Particulier;1;2;NULL;1;NULL;NULL;NULL;NULL;past:526;-1;NULL;NULL;NULL
526;EN;GB;1;A004;GEA - Rekening Courant Particulier;2008-11-14 16:24:53.000;serv_eximius;2013-06-11 16:39:59.000;eximius;NULL;NULL;1;2;1;0;1;2;GEA - Rekening Courant Particulier;1;2;NULL;1;NULL;NULL;NULL;NULL;past:526;-1;NULL;NULL;NULL
526;FR;BE;1;A004;GEA - Rekening Courant Particulier;2008-11-14 16:24:53.000;serv_eximius;2013-06-11 16:39:59.000;eximius;NULL;NULL;1;2;1;0;1;2;GEA - Rekening Courant Particulier;1;2;NULL;1;NULL;NULL;NULL;NULL;past:526;-1;NULL;NULL;NULL
526;NL;BE;1;A004;GEA - Rekening Courant Particulier;2008-11-14 16:24:53.000;serv_eximius;2013-06-11 16:39:59.000;eximius;NULL;NULL;1;2;1;0;1;2;GEA - Rekening Courant Particulier;1;2;NULL;1;NULL;NULL;NULL;NULL;past:526;-1;NULL;NULL;NULL
526;NL;NL;1;A004;GEA - Rekening Courant Particulier;2008-11-14 16:24:53.000;serv_eximius;2013-06-11 16:39:59.000;eximius;NULL;NULL;1;2;1;0;1;2;GEA - Rekening Courant Particulier;1;2;NULL;1;NULL;NULL;NULL;NULL;past:526;-1;NULL;NULL;NULL
527;EN;EX;1;A005;GEA - Effecten Rekening Particulier;2008-11-14 16:25:28.000;serv_eximius;2013-06-11 16:40:20.000;eximius;NULL;NULL;1;2;1;0;1;2;GEA - Effecten Rekening Particulier;3;2;NULL;1;NULL;NULL;NULL;NULL;past:527;-1;NULL;NULL;NULL
527;EN;GB;1;A005;GEA - Effecten Rekening Particulier;2008-11-14 16:25:28.000;serv_eximius;2013-06-11 16:40:20.000;eximius;NULL;NULL;1;2;1;0;1;2;GEA - Effecten Rekening Particulier;3;2;NULL;1;NULL;NULL;NULL;NULL;past:527;-1;NULL;NULL;NULL
527;FR;BE;1;A005;GEA - Effecten Rekening Particulier;2008-11-14 16:25:28.000;serv_eximius;2013-06-11 16:40:20.000;eximius;NULL;NULL;1;2;1;0;1;2;GEA - Effecten Rekening Particulier;3;2;NULL;1;NULL;NULL;NULL;NULL;past:527;-1;NULL;NULL;NULL
527;NL;BE;1;A005;GEA - Effecten Rekening Particulier;2008-11-14 16:25:28.000;serv_eximius;2013-06-11 16:40:20.000;eximius;NULL;NULL;1;2;1;0;1;2;GEA - Effecten Rekening Particulier;3;2;NULL;1;NULL;NULL;NULL;NULL;past:527;-1;NULL;NULL;NULL
527;NL;NL;1;A005;GEA - Effecten Rekening Particulier;2008-11-14 16:25:28.000;serv_eximius;2013-06-11 16:40:20.000;eximius;NULL;NULL;1;2;1;0;1;2;GEA - Effecten Rekening Particulier;3;2;NULL;1;NULL;NULL;NULL;NULL;past:527;-1;NULL;NULL;NULL
528;EN;EX;1;A006;GEA - BeleggersPlus rekening Particulier;2008-11-14 16:26:13.000;serv_eximius;2013-06-11 16:40:43.000;eximius;NULL;NULL;1;2;1;0;1;2;GEA - BeleggersPlus rekening Particulier;3;2;NULL;1;NULL;NULL;NULL;NULL;past:528;-1;-1;NULL;NULL
528;EN;GB;1;A006;GEA - BeleggersPlus rekening Particulier;2008-11-14 16:26:13.000;serv_eximius;2013-06-11 16:40:43.000;eximius;NULL;NULL;1;2;1;0;1;2;GEA - BeleggersPlus rekening Particulier;3;2;NULL;1;NULL;NULL;NULL;NULL;past:528;-1;-1;NULL;NULL
528;FR;BE;1;A006;GEA - BeleggersPlus rekening Particulier;2008-11-14 16:26:13.000;serv_eximius;2013-06-11 16:40:43.000;eximius;NULL;NULL;1;2;1;0;1;2;GEA - BeleggersPlus rekening Particulier;3;2;NULL;1;NULL;NULL;NULL;NULL;past:528;-1;-1;NULL;NULL
528;NL;BE;1;A006;GEA - BeleggersPlus rekening Particulier;2008-11-14 16:26:13.000;serv_eximius;2013-06-11 16:40:43.000;eximius;NULL;NULL;1;2;1;0;1;2;GEA - BeleggersPlus rekening Particulier;3;2;NULL;1;NULL;NULL;NULL;NULL;past:528;-1;-1;NULL;NULL
528;NL;NL;1;A006;GEA - BeleggersPlus rekening Particulier;2008-11-14 16:26:13.000;serv_eximius;2013-06-11 16:40:43.000;eximius;NULL;NULL;1;2;1;0;1;2;GEA - BeleggersPlus rekening Particulier;3;2;NULL;1;NULL;NULL;NULL;NULL;past:528;-1;-1;NULL;NULL
529;EN;EX;1;A010;GEA - Termijndeposito;2009-05-06 15:32:44.000;eximius;2013-01-18 12:44:13.000;eximius;NULL;NULL;1;1;1;0;1;2;GEA - Termijndeposito;3;2;NULL;1;NULL;NULL;NULL;NULL;past:529;-1;NULL;NULL;NULL
529;EN;GB;1;A010;GEA - Termijndeposito;2009-05-06 15:32:44.000;eximius;2013-01-18 12:44:13.000;eximius;NULL;NULL;1;1;1;0;1;2;GEA - Termijndeposito;3;2;NULL;1;NULL;NULL;NULL;NULL;past:529;-1;NULL;NULL;NULL
529;FR;BE;1;A010;GEA - Termijndeposito;2009-05-06 15:32:44.000;eximius;2013-01-18 12:44:13.000;eximius;NULL;NULL;1;1;1;0;1;2;GEA - Termijndeposito;3;2;NULL;1;NULL;NULL;NULL;NULL;past:529;-1;NULL;NULL;NULL
529;NL;BE;1;A010;GEA - Termijndeposito;2009-05-06 15:32:44.000;eximius;2013-01-18 12:44:13.000;eximius;NULL;NULL;1;1;1;0;1;2;GEA - Termijndeposito;3;2;NULL;1;NULL;NULL;NULL;NULL;past:529;-1;NULL;NULL;NULL
529;NL;NL;1;A010;GEA - Termijndeposito;2009-05-06 15:32:44.000;eximius;2013-01-18 12:44:13.000;eximius;NULL;NULL;1;1;1;0;1;2;GEA - Termijndeposito;3;2;NULL;1;NULL;NULL;NULL;NULL;past:529;-1;NULL;NULL;NULL
530;EN;EX;1;0530;Cash - Not Managed;2011-08-11 16:03:15.000;eximius;2011-11-03 14:49:35.000;eximius;1900-01-01 00:00:00.000;NULL;2;2;1;0;2;1;Cash - Not Managed;1;2;NULL;2;NULL;NULL;NULL;NULL;past:530;-1;NULL;NULL;NULL
530;EN;GB;1;0530;Cash - Not Managed;2011-08-11 16:03:15.000;eximius;2011-11-03 14:49:35.000;eximius;1900-01-01 00:00:00.000;NULL;2;2;1;0;2;1;Cash - Not Managed;1;2;NULL;2;NULL;NULL;NULL;NULL;past:530;-1;NULL;NULL;NULL
530;FR;BE;1;0530;Liquidités - Non gérés;2011-08-11 16:03:15.000;eximius;2011-11-03 14:49:35.000;eximius;1900-01-01 00:00:00.000;NULL;2;2;1;0;2;1;Cash - Not Managed;1;2;NULL;2;NULL;NULL;NULL;NULL;past:530;-1;NULL;NULL;NULL
530;NL;BE;1;0530;Cash - Niet Beheerd;2011-08-11 16:03:15.000;eximius;2011-11-03 14:49:35.000;eximius;1900-01-01 00:00:00.000;NULL;2;2;1;0;2;1;Cash - Not Managed;1;2;NULL;2;NULL;NULL;NULL;NULL;past:530;-1;NULL;NULL;NULL
530;NL;NL;1;0530;Cash - Not Managed;2011-08-11 16:03:15.000;eximius;2011-11-03 14:49:35.000;eximius;1900-01-01 00:00:00.000;NULL;2;2;1;0;2;1;Cash - Not Managed;1;2;NULL;2;NULL;NULL;NULL;NULL;past:530;-1;NULL;NULL;NULL
531;EN;EX;2;531;Not Managed;2011-11-03 14:10:28.000;eximius;2011-11-03 14:37:34.000;eximius;NULL;NULL;2;2;1;0;1;1;NULL;3;2;NULL;2;NULL;NULL;NULL;NULL;past:531;-1;NULL;NULL;NULL
531;EN;GB;2;531;Not Managed;2011-11-03 14:10:28.000;eximius;2011-11-03 14:37:34.000;eximius;NULL;NULL;2;2;1;0;1;1;NULL;3;2;NULL;2;NULL;NULL;NULL;NULL;past:531;-1;NULL;NULL;NULL
531;FR;BE;2;531;Non géré;2011-11-03 14:10:28.000;eximius;2011-11-03 14:37:34.000;eximius;NULL;NULL;2;2;1;0;1;1;NULL;3;2;NULL;2;NULL;NULL;NULL;NULL;past:531;-1;NULL;NULL;NULL
531;NL;BE;2;531;Niet Beheerd;2011-11-03 14:10:28.000;eximius;2011-11-03 14:37:34.000;eximius;NULL;NULL;2;2;1;0;1;1;NULL;3;2;NULL;2;NULL;NULL;NULL;NULL;past:531;-1;NULL;NULL;NULL
531;NL;NL;2;531;Not Managed;2011-11-03 14:10:28.000;eximius;2011-11-03 14:37:34.000;eximius;NULL;NULL;2;2;1;0;1;1;NULL;3;2;NULL;2;NULL;NULL;NULL;NULL;past:531;-1;NULL;NULL;NULL
